target,processed
4,"['@', 'stellargirl', 'loooooooovvvvvvee', 'kindle2', '.', 'dx', 'cool', ',', '2', 'fantast', 'right', '.']"
4,"['read', 'kindle2', '...', 'love', '...', 'lee', 'child', 'good', 'read', '.']"
4,"['ok', ',', 'first', 'ass', '#', 'kindle2', '...', 'fuck', 'rock', '!', '!', '!']"
4,"['@', 'kenburbari', ""'ll"", 'love', 'kindle2', '.', ""'ve"", 'mine', 'month', 'never', 'look', 'back', '.', 'new', 'big', 'one', 'huge', '!', 'need', 'remors', '!', ':', ')']"
4,"['@', 'mikefish', 'fair', 'enough', '.', 'kindle2', 'think', ""'s"", 'perfect', ':', ')']"
4,"['@', 'richardebak', '.', 'big', '.', ""'m"", 'quit', 'happi', 'kindle2', '.']"
0,"['fuck', 'economi', '.', 'hate', 'aig', 'non', 'loan', 'given', 'as', '.']"
4,"['jqueri', 'new', 'best', 'friend', '.']"
4,"['love', 'twitter']"
4,"['love', 'obama', '?', 'make', 'joke', '.']"
2,"['check', 'video', '--', 'presid', 'obama', 'white', 'hous', 'correspond', ""'"", 'dinner', 'http', ':', '//bit.ly/imxum']"
0,"['@', 'karoli', 'firmli', 'believ', 'obama/pelosi', 'zero', 'desir', 'civil', '.', ""'s"", 'charad', 'slogan', ',', 'want', 'destroy', 'conservat']"
4,"['hous', 'correspond', 'dinner', 'last', 'night', 'whoopi', ',', 'barbara', '&', 'amp', ';', 'sherri', 'went', ',', 'obama', 'got', 'stand', 'ovat']"
4,"['watchin', 'espn', '..', 'ju', 'seen', 'new', 'nike', 'commer', 'puppet', 'lebron', '..', 'sh', '*', 'hilari', '...', 'lmao', '!', '!', '!']"
0,"['dear', 'nike', ',', 'stop', 'flywir', '.', 'shit', 'wast', 'scienc', '.', 'ugli', '.', 'love', ',', '@', 'vincentx24x']"
4,"['#', 'lebron', 'best', 'athlet', 'gener', ',', 'time', '(', 'basketbal', 'relat', ')', ""n't"", 'want', 'get', 'inter-sport', 'debat', '__1/2']"
0,"['talk', 'guy', 'last', 'night', 'tell', 'die', 'hard', 'spur', 'fan', '.', 'also', 'told', 'hate', 'lebron', 'jame', '.']"
4,"['love', 'lebron', '.', 'http', ':', '//bit.ly/pdhur']"
0,"['@', 'ludajuic', 'lebron', 'beast', ',', ""'m"", 'still', 'cheer', '4', '..', 'til', 'end', '.']"
4,"['@', 'pmillzz', 'lebron', 'bos']"
4,"['@', 'sketchbug', 'lebron', 'hometown', 'hero', ',', 'lol', 'love', 'laker', 'let', ""'s"", 'go', 'cav', ',', 'lol']"
4,"['lebron', 'zydruna', 'awesom', 'duo']"
4,"['@', 'wordwhizkid', 'lebron', 'beast', '...', 'nobodi', 'nba', 'come', 'even', 'close', '.']"
4,"['download', 'app', 'iphon', '!', 'much', 'fun', ':', '-', ')', 'liter', 'app', 'anyth', '.']"
4,"['good', 'news', ',', 'call', 'visa', 'offic', ',', 'say', 'everyth', 'fine', '.....', 'relief', '!', 'sick', 'scam', '!', 'steal', '!']"
4,"['http', ':', '//twurl.nl/epkr4b', '-', 'awesom', 'come', 'back', '@', 'biz', '(', 'via', '@', 'fredwilson', ')']"
4,"['montreal', 'long', 'weekend', 'r', '&', 'amp', ';', 'r.', 'much', 'need', '.']"
4,"['booz', 'allen', 'hamilton', 'bad', 'as', 'homegrown', 'social', 'collabor', 'platform', '.', 'way', 'cool', '!', '#', 'ttiv']"
4,"['[', '#', 'mluc09', ']', 'custom', 'innov', 'award', 'winner', ':', 'booz', 'allen', 'hamilton', '--', 'http', ':', '//ping.fm/c2hpp']"
4,"['@', 'sochi2', 'current', 'use', 'nikon', 'd90', 'love', ',', 'much', 'canon', '40d/50d', '.', 'chose', 'd90', 'video', 'featur', '.', 'mistak', '.']"
2,"['need', 'suggest', 'good', 'ir', 'filter', 'canon', '40d', '...', 'got', '?', 'pl', 'dm']"
2,"['@', 'surfit', ':', 'check', 'googl', 'business-', 'blip', 'show', 'second', 'entri', '!', 'huh', '.', 'good', 'ba', '...', '?', 'http', ':', '//blip.fm/~6emhv']"
4,"['@', 'phyreman9', 'googl', 'alway', 'good', 'place', 'look', '.', ""'ve"", 'mention', 'work', 'mustang', 'w/', 'dad', ',', '@', 'kimblet', '.']"
0,"['play', 'android', 'googl', 'phone', '.', 'slide', 'screen', 'scare', 'would', 'break', 'fucker', 'fast', '.', 'still', 'prefer', 'iphon', '.']"
0,"['u', 'plan', 'resum', 'militari', 'tribun', 'guantanamo', 'bay', '...', 'time', 'trial', 'aig', 'exec', 'chrysler', 'debt', 'holder']"
0,"['omg', 'bore', '&', 'amp', ';', 'tattoooo', 'itchi', '!', '!', 'help', '!', 'aha', '=', ')']"
0,"[""'m"", 'itchi', 'miser', '!']"
0,"['@', 'sekseemess', '.', ""'m"", 'itchi', '.', 'mayb', 'later', ',', 'lol', '.']"
4,"['rt', '@', 'jessverr', 'love', 'nerdi', 'stanford', 'human', 'biolog', 'video', '-', 'make', 'miss', 'school', '.', 'http', ':', '//bit.ly/13t7nr']"
4,"['@', 'spinuzzi', ':', 'bit', 'crazi', ',', 'steep', 'learn', 'curv', ',', 'lyx', 'realli', 'good', 'long', 'doc', '.', 'anyth', 'shorter', ',', 'would', 'insan', '.']"
4,"[""'m"", 'listen', '``', 'p.y.t', ""''"", 'danni', 'gokey', '&', 'lt', ';', '3', '&', 'lt', ';', '3', '&', 'lt', ';', '3', 'aww', ',', ""'s"", 'amaz', '.', '&', 'lt', ';', '3', 'much', ':', ')']"
4,"['go', 'sleep', 'bike', 'ride', ':', ']']"
0,"['cant', 'sleep', '...', 'tooth', 'ach', '.']"
0,"['blah', ',', 'blah', ',', 'blah', 'old', 'old', '.', 'plan', 'today', ',', 'go', 'back', 'sleep', 'guess', '.']"
0,"['glad', 'didnt', 'bay', 'breaker', 'today', ',', ""'s"", '1000', 'freak', 'degre', 'san', 'francisco', 'wtf']"
2,"['san', 'francisco', 'bay', 'breaker', '.']"
2,"['land', 'san', 'francisco']"
2,"['san', 'francisco', 'today', '.', 'suggest', '?']"
0,"['?', 'obama', 'administr', 'must', 'stop', 'bonus', 'aig', 'ponzi', 'schemer', '...', 'http', ':', '//bit.ly/2cuig']"
0,"['start', 'think', 'citi', 'realli', 'deep', '&', 'amp', ';', '^t', '.', 'gon', 'na', 'surviv', 'turmoil', 'gon', 'na', 'next', 'aig', '?']"
0,"['shaunwoo', ""hate'n"", 'aig']"
4,"['@', 'yarnth', 'regret', 'go', 'see', 'star', 'trek', '.', 'awesom', '!']"
2,"['way', 'see', 'star', 'trek', '@', 'esquir', '.']"
2,"['go', 'see', 'star', 'trek', 'soon', 'dad', '.']"
0,"['annoy', 'new', 'trend', 'internet', ':', 'peopl', 'pick', 'apart', 'michael', 'lewi', 'malcolm', 'gladwel', '.', 'nobodi', 'want', 'read', '.']"
2,"['bill', 'simmon', 'convers', 'malcolm', 'gladwel', 'http', ':', '//bit.ly/j9o50']"
4,"['highli', 'recommend', ':', 'http', ':', '//tinyurl.com/howdavidbeatsgoliath', 'malcolm', 'gladwel']"
4,"['blink', 'malcolm', 'gladwel', 'amaz', 'book', 'tip', 'point', '!']"
4,"['malcolm', 'gladwel', 'might', 'new', 'man', 'crush']"
0,"['omg', '.', 'commerci', 'alon', 'espn', 'go', 'drive', 'nut', '.']"
4,"['@', 'robmalon', 'play', 'twitter', 'api', 'sound', 'fun', '.', 'may', 'need', 'take', 'class', 'find', 'new', 'friend', 'like', 'gener', 'result', 'api', 'code', '.']"
2,"['play', 'curl', 'twitter', 'api']"
4,"['hello', 'twitter', 'api', ';', ')']"
2,"['play', 'java', 'twitter', 'api']"
0,"['@', 'morind45', 'twitter', 'api', 'slow', 'client', ""'s"", ""n't"", 'good', '.']"
0,"['yahoo', 'answer', 'butt', 'sometim']"
4,"['scrapbook', 'nic', '=d']"
4,"['rt', '@', 'mashabl', ':', 'five', 'thing', 'wolfram', 'alpha', 'better', '(', 'vastli', 'differ', ')', 'googl', '-', 'http', ':', '//bit.ly/6nsnr']"
4,"['chang', 'default', 'pic', 'nike', 'basketbal', 'caus', 'bball', 'awesom', '!', '!', '!', '!', '!']"
2,"['nike', 'own', 'nba', 'playoff', 'ad', 'w/', 'lebron', ',', 'kobe', ',', 'carmelo', '?', 'http', ':', '//ow.ly/7uiy', '#', 'adida', '#', 'billup', '#', 'howard', '#', 'market', '#', 'brand']"
2,"[""'next"", 'time', ',', ""'ll"", 'call', 'nike', ""'""]"
2,"['new', 'blog', 'post', ':', 'nike', 'sb', 'dunk', 'low', 'premium', ""'white"", 'gum', ""'"", 'http', ':', '//tr.im/lott']"
0,"['rt', '@', 'smartchickpdx', ':', 'told', 'nike', 'layoff', 'start', 'today', ':', '-', '(']"
4,"['back', 'work', 'nike', 'one', 'fav', 'word', ':', '!', ':', ')']"
4,"['way', ',', ""'m"", 'total', 'inspir', 'freaki', 'nike', 'commerci', ':', 'http', ':', '//snurl.com/icgj9']"
2,"['give', 'weka', 'app', 'engin', 'interfac', ',', 'use', 'bird', 'strike', 'data', 'test', ',', 'logo', 'given', '.']"
2,"['brand', 'new', 'canon', 'eo', '50d', '15mp', 'dslr', 'camera', 'canon', '17-85mm', 'len', '...', ':', 'web', 'technolog', 'thread', ',', 'brand', 'new', 'canon', 'eo', '5', '..', 'http', ':', '//u.mavrev.com/5a3t']"
4,"['class', '...', '50d', 'suppos', 'come', 'today', ':', ')']"
0,"['need', 'someon', 'explain', 'lambda', 'calculu', '!', ':', '(']"
0,"['took', 'graduat', 'field', 'exam', 'comput', 'scienc', 'today', '.', 'noth', 'make', 'feel', 'like', 'idiot', 'lambda', 'calculu', '.']"
4,"['shout', 'out', 'east', 'palo', 'alto', 'buildin', 'karizmakaz', '50cal', 'gta', '!', 'also', 'thank', 'profit', 'doom', 'univers', 'hempz', 'cracka', '......']"
0,"['@', 'legalgeekeri', 'yeahhhhhhhhh', ',', 'would', ""n't"", 'realli', 'live', 'east', 'palo', 'alto', 'could', 'avoid', '.', 'guess', ""'s"", 'summer', '.']"
4,"['@', 'accanni', '@', 'edog1203', 'great', 'stanford', 'cours', '.', 'thank', 'make', 'avail', 'public', '!', 'realli', 'help', 'inform', 'start', '!']"
2,"['nvidia', 'name', 'stanford', ""'s"", 'bill', 'dalli', 'chief', 'scientist', ',', 'vp', 'research', 'http', ':', '//bit.ly/fvvg9']"
2,"['new', 'blog', 'post', ':', 'harvard', 'versu', 'stanford', '-', 'win', '?', 'http', ':', '//bit.ly/mcoco']"
4,"['@', 'work', 'til', '6pm', '...', 'let', 'go', 'laker', '!', '!', '!']"
0,"['damn', 'north', 'korea', '.', 'http', ':', '//bit.ly/ktmeq']"
0,"['go', 'ahead', 'blow', 'north', 'korea', 'map', 'alreadi', '?']"
0,"['north', 'korea', ',', 'plea', 'ceas', 'douchebaggeri', '.', 'china', ""n't"", 'even', 'like', 'anymor', '.', 'http', ':', '//bit.ly/nehsl']"
0,"['hell', 'pelosi', 'freakin', 'china', '?', 'whose', 'dime', '?']"
0,"['burn', 'cash', '$', '$', '$', 'chrysler', 'gm', '?', 'stop', 'financi', 'tsunami', '.', '``', 'bailout', ""''"", 'mean', 'take', 'handout', '!']"
0,"['insect', 'infect', 'spinach', 'plant', ':', '(']"
0,"['wish', 'could', 'catch', 'everi', 'mosquito', 'world', 'n', 'burn', 'em', 'slowly.they', 'bitin', 'shit', 'outta', '2day.mosquito', 'asshol', 'insect']"
0,"['got', 'back', 'church', ',', 'total', 'hate', 'insect', '.']"
0,"['got', 'mcdonald', 'goddam', 'egg', 'make', 'sick', '.', 'yeah', 'laker', 'date', 'go', 'laker', '.', 'much', 'updat', '?', 'well', ""'s"", 'true', 'suck']"
4,"['omgg', 'ohhde', 'want', 'mcdonald', 'damn', 'wonder', 'open', 'lol', '=', ']']"
0,"['histori', 'exam', 'studi', 'ugh']"
0,"['hate', 'revis', ',', ""'s"", 'bore', '!', 'total', 'unprepar', 'exam', 'tomorrow', ':', '(', 'thing', 'look', 'good', '...']"
0,"['higher', 'physic', 'exam', 'tommorow', ',', 'lookin', 'forward', 'much', ':', '(']"
0,"[""'s"", 'bank', 'holiday', ',', 'yet', ""'m"", 'work', '.', 'exam', 'season', 'suck', ':', '(']"
0,"['cheney', 'bush', 'real', 'culprit', '-', 'http', ':', '//fwix.com/article/939496']"
0,"['life', '?', 'bitch', '?', 'dick', 'cheney', '.', '#', 'p2', '#', 'bipart', '#', 'tlot', '#', 'tcot', '#', 'hhr', '#', 'gop', '#', 'dnc', 'http', ':', '//is.gd/djyq']"
0,"['dick', 'cheney', ""'s"", 'dishonest', 'speech', 'tortur', ',', 'terror', ',', 'obama', '.', '-fred', 'kaplan', 'slate', '.', 'http', ':', '//is.gd/dihg']"
0,"['``', 'republican', 'parti', 'bunch', 'anti-abort', 'zealot', 'could', ""n't"", 'draw', 'fli', 'dump', '.', ""''"", '--', 'neal', 'boortz', '(', ',', 'radio', ')']"
0,"['twitter', ""'s"", 'connect', 'api', 'broken', '?', 'tweet', ""n't"", 'make', 'twitter', '...']"
0,"['srsli', 'hate', 'stupid', 'twitter', 'api', 'timeout', 'thing', ',', 'soooo', 'annoy', '!', '!', '!', '!', '!', ':', '(']"
4,"['@', 'psychemedia', 'realli', 'like', '@', 'kswedberg', ""'s"", '``', 'learn', 'jqueri', ""''"", 'book', '.', 'http', ':', '//bit.ly/pg0lt', 'worth', 'look']"
2,"['jqueri', 'ui', '1.6', 'book', 'review', '-', 'http', ':', '//cfbloggers.org/', '?', 'c=30631']"
4,"['interest', 'ad', 'adob', 'goodbi', ',', 'silverstein', '&', 'amp', ';', 'partner', '-', 'youtub', '-', 'adob', 'cs4', ':', 'le', 'sen', 'propr', 'http', ':', '//bit.ly/vprpt']"
4,"['goodbi', 'silverstein', 'agenc', 'new', 'site', '!', 'http', ':', '//www.goodbysilverstein.com/', 'great', '!']"
4,"['rt', '@', 'designplay', 'goodbi', ',', 'silverstein', ""'s"", 'new', 'site', ':', 'http', ':', '//www.goodbysilverstein.com/', 'enjoy', '.', '*', 'nice', 'find', '!', '*']"
4,"['ever', 'amaz', 'psyop', 'goodbi', 'silverstein', '&', 'amp', ';', 'partner', 'hp', '!', 'http', ':', '//bit.ly/g2ru8', 'go', 'play', 'effect', '!']"
4,"['top', 'ten', 'watch', 'viral-video', 'chart', '.', 'love', 'nike', '#', 'mostvaluablepuppet', 'campaign', 'wieden', '&', 'amp', ';', 'kennedi', 'http', ':', '//bit.ly/nr1n9']"
4,"['zomg', '!', '!', '!', 'g2', '!', '!', '!', '!', '!', '!', '!']"
4,"['ok', 'lot', 'buzz', 'io2009', 'lucki', '-', 'free', 'g2', '!', '!', 'http', ':', '//is.gd/hyzl']"
4,"['got', 'free', 'g2', 'android', 'googl', 'i/o', '!', '!', '!']"
4,"['guess', ""'ll"", 'retir', 'g1', 'start', 'use', 'develop', 'g2', 'woot', '#', 'googleio']"
2,"['gwt', 'firesid', 'chat', '@', 'googleio']"
4,"['happi', 'philip', 'googleio', 'today']"
4,"['laker', 'play', 'great', '!', 'wait', 'thursday', 'night', 'laker', 'v', '.', '?', '?', '?']"
2,"['hi', ',', 'anyon', 'great', 'sourc', 'advic', 'viral', 'market', '?', '...', 'http', ':', '//link.gs/ytz8']"
4,"['judd', 'apatow', 'creat', 'fake', 'sitcom', 'nbc.com', 'market', 'new', 'movi', '...', 'viral', 'market', 'best', '.', 'http', ':', '//is.gd/k0yk']"
2,"[""'s"", 'case', 'studi', 'use', 'viral', 'market', 'add', '10,000', 'peopl', 'list', 'http', ':', '//snipr.com/i50oz']"
0,"['viral', 'market', 'fail', '.', 'acia', 'pill', 'brand', 'oughta', 'get', 'shut', 'hack', 'peopl', ""'s"", 'messeng', ""'s"", '.', 'get', '5-6', 'msg', 'day', '!', 'arrrgh', '!']"
4,"['watch', 'night', 'museum', '.', 'lmao']"
4,"['love', 'night', 'museum', '!', '!', '!']"
2,"['go', 'see', 'new', 'night', 'museum', 'movi', 'famili', 'oh', 'boy', 'three', 'year', 'old', 'movi', 'fuin']"
4,"['got', 'back', 'movi', '.', 'went', 'see', 'new', 'night', 'museum', 'rachel', '.', 'good']"
2,"['saw', 'new', 'night', 'museum', 'movi', '...', '...', 'okay', '...', 'lol', '7\\10']"
2,"['go', 'see', 'night', 'museum', '2', 'tall', 'boy']"
4,"['@', 'shannyoday', 'take', 'date', 'see', 'night', 'museum', '2', 'whenev', 'want', '...', 'look', 'soooooo', 'good']"
4,"['watch', 'night', 'museum', '.', 'get', 'realli', 'good']"
4,"['night', 'museum', ',', 'wolverin', 'junk', 'food', '-', 'perfect', 'monday', '!']"
4,"['saw', 'night', 'museum', '2', 'last', 'night', '..', 'pretti', 'crazi', 'movi', '..', 'cast', 'awesom', 'well', 'worth', '.', 'robin', 'william', 'forev', '!']"
2,"['saw', 'night', 'museum', ':', 'battl', 'swithsonian', 'today', '.', 'okay', '.', 'typic', '[', 'kid', ']', 'ben', 'stiller', 'movi', '.']"
2,"['take', 'kati', 'see', 'night', 'museum', '.', '(', 'pick', ')']"
0,"['night', 'museum', 'tonit', 'instead', '.', ':', '(', 'oh', 'well', '.', '4', 'yr', 'old', 'better', 'enjoy', '.', 'lol']"
2,"['gm', 'say', 'expect', 'announc', 'sale', 'hummer', 'soon', '-', 'reuter', ':', 'wdsugm', 'say', 'expect', 'announc', 'sale', 'hummer', '..', 'http', ':', '//bit.ly/4e1fv']"
0,"[""'s"", 'unfortun', 'stimulu', 'plan', 'put', 'place', 'twice', 'help', 'gm', 'back', 'american', 'peopl', 'led', 'inevit']"
0,"['tell', 'give', '$', '$', 'gm', '?', '?', 'use', '$', 'program', 'support', 'unemploy', '.']"
0,"['@', 'jdreiss', 'oh', 'ye', 'gm', 'die', 'worth', 'boo', 'hahaha']"
0,"['time', 'warner', 'cabl', '3rd', 'time', 'sinc', 'memori', 'day', 'bummer', '!']"
0,"['would', 'rather', 'pay', 'reason', 'yearli', 'tax', '``', 'free', ""''"", 'fast', 'internet', ',', 'get', 'goug', 'time', 'warner', 'slow', 'connect', '.']"
0,"['nooooooo', 'dvr', 'die', 'half', 'way', 'ea', 'presser', '.', 'hate', 'time', 'warner']"
0,"['f', '*', 'ck', 'time', 'warner', 'cabl', '!', '!', '!', 'f', '*', 'cking', 'suck', 'ball', '!', '!', '!', '$', '700', 'hd', 'tv', '&', 'amp', ';', 'damn', 'hd', 'channel', 'hardli', 'ever', 'come', '.', 'bullshit', '!', '!']"
0,"['time', 'warner', 'wors', 'custom', 'servic', 'ever', '.', 'never', 'use']"
0,"['time', 'warner', 'devil', '.', 'worst', 'possibl', 'time', 'internet', 'go', '.']"
0,"['fuck', 'internet', 'damn', 'time', 'warner', '!']"
0,"['time', 'warner', 'realli', 'pick', 'worst', 'time', 'work', '.', 'want', 'get', 'mtv.com', 'watch', 'hill', '.', 'wtfffff', '.']"
0,"['hate', 'time', 'warner', '!', 'soooo', 'wish', 'vio', '.', 'cant', 'watch', 'fricken', 'met', 'game', 'w/o', 'buffer', '.', 'feel', 'like', 'im', 'watch', 'free', 'internet', 'porn', '.']"
0,"['ahh', '...', 'got', 'rid', 'stupid', 'time', 'warner', 'today', '&', 'amp', ';', 'take', 'nap', 'roomi', 'cook', '.', 'pretti', 'good', 'end', 'monday', ':', ')']"
0,"['time', 'warner', ""'s"", 'hd', 'line', 'crap', '.']"
0,"['fuck', 'time', 'warner', 'cabl', '.', 'didnt', 'know', 'modem', 'could', 'explod', '.', 'susan', 'boyl', 'suck', '!']"
2,"['time', 'warner', 'cabl', 'pull', 'plug', ""'the"", 'girlfriend', 'experi', ""'"", '-', '(', 'www.tinyurl.com/m595fk', ')']"
0,"['time', 'warner', 'cabl', 'slogan', ':', 'call', 'day', '2pm', 'happen', '.']"
2,"['rocawear', 'head', 'china', ',', 'build', '300', 'store', '-', 'http', ':', '//tinyurl.com/nofet3']"
2,"['climat', 'focu', 'turn', 'beij', ':', 'unit', 'nation', ',', 'u', 'european', 'govern', 'call', 'china', 'co-o', '..', 'http', ':', '//tinyurl.com/lto92n']"
2,"['myfoxdc', 'barri', 'student', 'back', 'trip', 'china', ':', 'silver', 'spring', 'high', 'school', ""'s"", 'class', 'trip', 'china', 'en', '..', 'http', ':', '//tinyurl.com/nlhqba']"
2,"['three', 'china', 'aerospac', 'giant', 'develop', 'tianjin', 'binhai', 'new', 'area', ',', '22.9', 'b', 'yuan', 'invest', 'http', ':', '//bit.ly/mmidv']"
2,"['http', ':', '//xi.gs/04fo', 'gm', 'ceo', ':', 'china', 'continu', 'key', 'partner']"
2,"['rt', '@', 'latimesauto', 'time', 'buy', 'gm', 'car', '?', 'http', ':', '//bit.ly/nrzlu']"
0,"['recov', 'surgeri', '..', 'wish', '@', 'julesrenn', ':', '(']"
4,"['wrist', 'still', 'hurt', '.', 'get', 'look', '.', 'hate', 'dr/dentist/scari', 'place', '.', ':', '(', 'time', 'watch', 'eagl', 'eye', '.', 'want', 'join', ',', 'txt', '!']"
2,"['dentist', 'tomorrow', '.', 'brush', 'well', 'morn', '.', 'like', 'make', 'hair', 'nice', 'get', 'cut', '.', '?']"
0,"['dentist', 'lie', '!', '``', 'u', 'wo', ""n't"", 'feel', 'discomort', '!', 'prob', 'wo', ""n't"", 'even', 'need', 'pain', 'pill', ""''"", 'man', 'u', 'twippin', 'shit', 'hurt', '!', '!', 'mani', 'pill', 'take', '!', '!']"
0,"['@', 'kirstiealley', 'dentist', 'great', ""'s"", 'expens', '...', '=', '(']"
2,"['@', 'kirstiealley', 'pet', 'dentist', 'http', ':', '//www.funnyville.com/fv/pictures/dogdentures.shtml']"
4,"['stude', 'math', ';', ')', 'tomorrow', 'exam', 'dentist', ':', ')']"
0,"['dentist', 'wrong', '...', 'wrong']"
0,"['go', 'dentist', 'later', '.', ':', '|']"
0,"['son', 'look', 'car', 'onlin', '.', 'hate', 'car', 'shop', '.', 'would', 'rather', 'go', 'dentist', '!', 'anyon', 'good', 'car', 'good', 'price', 'sell', '?']"
2,"['ncaa', 'basebal', 'super', 'region', '-', 'ram', 'club', 'http', ':', '//bit.ly/ro7nx']"
2,"['start', 'play', 'major', 'leagu', 'basebal', '2k9', '.', 'http', ':', '//raptr.com/h3llgwar']"
2,"['cardin', 'basebal', 'advanc', 'super', 'region', '.', 'face', 'cs-fullerton', 'friday', '.']"
2,"['soni', 'coupon', 'code', '..', 'expir', 'soon', '..', 'http', ':', '//www.coupondork.com/r/1796']"
2,"['wait', 'line', 'safeway', '.']"
0,"['luke', 'got', 'stop', 'walk', 'safeway', 'ask', 'empti', 'pocket', 'lift', 'shirt', '.', 'jack', '?']"
2,"['realiz', 'gym', 'safeway', '!']"
2,"['@', 'xphile1908', 'three', 'word', ':', '``', 'safeway', 'dot', 'com', ""''""]"
4,"['safeway', 'rock', 'n', 'roll', 'tonight']"
2,"['bout', 'hit', 'safeway', 'got', 'ta', 'eat']"
2,"['jake', ""'s"", 'go', 'safeway', '!']"
2,"['found', 'safeway', '.', 'pick', 'stapl', '.']"
2,"['safeway', 'super-market', 'via', 'mobil', 'coupon', 'http', ':', '//bit.ly/onh7w']"
0,"['safeway', 'bathroom', 'still', 'smell', 'like', 'as', '!']"
0,"['safeway', 'elkhorn', ',', 'move', 'like', ""'re"", 'dead', '!']"
2,"['normal', 'weight', '(', 'get', ')', '?', 'normal', 'eat', 'blog', 'http', ':', '//bit.ly/zet8o']"
2,"['eat', 'watch', 'movi', '....']"
2,"['eat', 'sashimi']"
2,"['eat', 'home', 'made', 'yema']"
2,"['eat', 'cake']"
4,"['love', 'dwight', 'howard', ""'s"", 'vitamin', 'water', 'commerci', '...', 'wish', 'nike', 'adida', '.', 'lol', '.']"
0,"['found', 'noth', 'nike', 'factori', ':', '/', 'banana', 'republ', 'outlet', '!', 'http', ':', '//myloc.me/2z']"
2,"['iphon', 'may', 'get', 'radio', 'tag', 'nike', ':', 'recently-releas', 'itun', 'version', '8.2', 'suggest', 'voiceov', 'function', '..', 'http', ':', '//tinyurl.com/oq5ctc']"
4,"['lovin', 'nike', 'alreadi', ""'s"", 'run', 'spot', 'bedroom']"
2,"['launch', '!', 'http', ':', '//imgsearch.net', '#', 'imgsearch', '#', 'ajax', '#', 'jqueri', '#', 'webapp']"
4,"['@', 'matthewcyan', 'final', 'got', 'around', 'use', 'jqueri', 'make', 'bio', 'collaps', '.', 'yay', 'slide', 'anim', '.']"
2,"['rt', '@', 'jqueri', ':', 'ultim', 'jqueri', 'list', '-', 'http', ':', '//jquerylist.com/']"
2,"['extract', 'open-sourc', 'jqueri', 'plugin', 'stormweight', 'highlight', 'text', 'regular', 'express', ':', 'http', ':', '//bit.ly/ybjkb']"
2,"['@', 'anna_debenham', 'php', 'jqueri', 'hack', '?']"
2,"['jqueri', 'cheat', 'sheet', 'http', ':', '//www.javascripttoolbox.com/jquery/cheatsheet/']"
2,"['begin', 'javascript', 'cs', 'develop', 'jqueri', '#', 'javascript', '#', 'cs', '#', 'jqueri', 'http', ':', '//bit.ly/to3e5']"
4,"['@', 'pdubyad', 'right', '!', '!', '!', 'lol', ""'ll"", 'get', '!', '!', 'high', 'expect', ',', 'warren', 'buffet', 'style', '.']"
4,"['rt', '@', 'blknprecious1', ':', 'rt', 'great', '@', 'dbroo', '``', 'someon', ""'s"", 'sit', 'shade', 'today', 'someon', 'plant', 'tree', 'long', 'time', 'ago', '.', '``', '-', 'warren', 'buffet']"
2,"['warren', 'buffet', 'economi', 'http', ':', '//ping.fm/lau0p']"
4,"['warren', 'buffet', 'becam', '(', 'time', ')', 'richest', 'man', 'unit', 'state', ',', 'work', 'invest', '1', 'big', 'idea', 'lead', 'fortun']"
4,"['accord', 'creat', 'school', ',', 'notr', 'dame', '7', 'receiv', 'ncaa', '10', '84', 'higher', 'rate', ':', ')', '*', 'sweet', '*']"
2,"['all-star', 'basketbal', 'classic', 'tuesday', 'featur', 'top', 'talent', ':', 'chattanooga', ""'s"", 'notr', 'dame', 'high', 'school', 'play', 'host', '..', 'http', ':', '//bit.ly/qltja']"
4,"['@', 'blondebroad', ""'s"", 'definit', 'warranti', '&', 'amp', ';', 'experi', 'amazon', 'support', 'kindl', 'great', '!', 'contact', 'kindle2']"
2,"['rt', 'look', ',', 'avail', '!', 'amazon', 'kindle2', '&', 'amp', ';', 'kindl', 'dx', ',', 'get', ':', 'http', ':', '//short.to/87ub', 'top', 'electron', 'book', 'reader', 'period', ',', 'free', '2', 'day', 'ship', '...']"
0,"['time', 'warner', 'road', 'runner', 'custom', 'support', 'absolut', 'blow', '.', 'hate', 'high-spe', 'net', 'option', '.', ""'m"", 'readi', 'go', 'nuclear', '.']"
0,"['time', 'warner', 'cabl', 'phone', 'rep', 'r', 'dumber', 'nail', '!', '!', '!', '!', '!', 'ugh', '!', 'cabl', 'work', '10', 'min', 'ago', 'wtf', '!']"
0,"['@', 'siratomofbon', 'tri', 'time', 'warner', ""n't"", 'nice', 'record', 'today', '.', ':', ')']"
0,"['omg', '-', 'time', 'warner', ""f'ed"", 'internet', 'instal', '-', 'instead', 'today', 'next', 'saturday', '-', 'anoth', 'week', 'w/o', 'internet', '!', '&', 'amp', ';', '$', '*', 'ehfa^v9fhg', '[', '*', '#', 'fml', '.']"
0,"['wth', '..', 'never', 'seen', 'line', 'loooong', 'time', 'warner', ',', 'ugh', '.']"
0,"['impati', 'await', 'arriv', 'time', 'warner', 'guy', '.', ""'s"", 'way', 'pretti', 'insid', 'afternoon']"
2,"['man', 'accost', 'roger', 'feder', 'french', 'open', 'http', ':', '//ff.im/3hcpt']"
0,"['naiv', 'bay', 'use', 'em', 'text', 'classif', '.', 'realli', 'frustrat', '...']"
4,"['went', 'stanford', 'univers', 'today', '.', 'got', 'tour', '.', 'made', 'want', 'go', 'back', 'colleg', '.', ""'s"", 'also', 'decid', 'kid', 'go', '.']"
2,"['investig', 'pend', 'death', 'stanford', 'c', 'prof', '/', 'googl', 'mentor', 'rajeev', 'motwani', 'http', ':', '//bit.ly/lwour', 'tip', '@', 'techmem']"
2,"[""'m"", 'go', 'bed', '.', 'success', 'weekend', '.', 'stanford', ',', 'come', '.']"
0,"['@', 'karrisfoxi', ""'re"", 'harass', 'call', 'car', 'warranti', ',', 'chang', 'number', 'wo', ""n't"", 'fix', '.', 'call', 'everi', 'number', '.', '#', 'd-bag']"
0,"['block', 'unit', 'blood', 'servic', 'use', 'googl', 'voic', '.', 'call', 'car', 'warranti', 'guy', '.']"
0,"['#', '&', 'amp', ';', 'complet', 'fail', '.']"
0,"['@', 'broskiii', 'oh', 'snap', 'work', '&', 'amp', ';', ""n't""]"
0,"['@', 'mbjthegreat', 'realli', 'dont', 'want', '&', 'amp', ';', 'phone', 'servic', '..', 'suck', 'come', 'signal']"
0,"['say', 'cut', 'small', 'talk', ':', '&', 'amp', ';', ""'s"", 'new', 'slogan', ':', 'f__k', ',', 'give', 'u', 'money', '.', '(', 'apolog', 'bob', 'geldof', '.', ')']"
0,"['piss', '&', 'amp', ';', ""'s"", 'mid-contract', 'upgrad', 'price', 'iphon', '(', ""'s"", '$', '200', ')', ""'m"", 'go', 'pay', '$', '499', 'someth', 'thought', '$', '299']"
0,"['safari', '4', 'fast', ':', ')', 'even', 'shitti', '&', 'amp', ';', 'tether', '.']"
0,"['@', 'im', '&', 'amp', ';', 'fuck', '?']"
0,"['@', 'springsingfiend', '@', 'dvyer', '@', 'sethdaggett', '@', 'jlshack', '&', 'amp', ';', 'drop', 'ball', ""n't"", 'support', 'crap', 'new', 'iphon', '3.0', '...', 'fail', '#', 'att', 'suck', '!', '!', '!']"
0,"['@', 'mmbarnhil', 'yay', ',', 'glad', 'got', 'phone', '!', 'still', ',', 'damn', ',', '&', 'amp', ';', '.']"
2,"['googl', 'wave', 'develop', 'sandbox', 'account', 'request', 'http', ':', '//bit.ly/2nylc']"
0,"['talk', 'cheap', ':', 'bing', ',', '?', 'stick', 'googl', '.', 'http', ':', '//bit.ly/xc3c8']"
0,"['@', 'defsound', 'wtf', 'point', 'delet', 'tweet', 'still', 'found', 'summiz', 'search', '?', 'twitter', ',', 'plea', 'fix', '.', 'thank', 'bye']"
2,"['@', 'mattcutt', 'googl', 'profil', 'stop', 'show', 'search', '?', 'cant', 'see', 'anymor']"
4,"['@', 'arunbasil', 'love', 'googl', 'translat', '!', ':', 'good', 'day', 'mate', '!']"
4,"['read', 'new', 'kindle2', '!']"
4,"['kindle2', 'came', 'love', '!', ':', ')']"
4,"['love', 'new', 'kindle2', '.', 'name', 'kendra', 'case', 'u', 'wonder', '.', '``', 'cookbook', ""''"", 'tool', 'cuz', 'tell', 'u', 'trick', '!', 'best', 'gift', 'evr', '!']"
0,"['real', 'aig', 'scandal', '/', 'http', ':', '//bit.ly/b82px']"
2,"['twitter', 'apr', 'app', 'yet', '?']"
2,"['45', 'pro', 'follow', 'twitter', '-', 'http', ':', '//is.gd/smbz']"
4,"['obama', 'quit', 'good', 'comedian', '!', 'check', 'dinner', 'speech', 'cnn', ':', ')', 'funni', 'joke', '.']"
4,"[""'"", 'barack', 'obama', 'show', 'funni', 'side', '``', '&', 'gt', ';', '&', 'gt', ';', 'http', ':', '//tr.im/l0gi', '!', '!', 'great', 'speech', '..']"
4,"['like', 'guy', ':', ""'"", 'barack', 'obama', 'show', 'funni', 'side', '``', '&', 'gt', ';', '&', 'gt', ';', 'http', ':', '//tr.im/l0gi', '!', '!']"
4,"['obama', ""'s"", 'speech', 'pretti', 'awesom', 'last', 'night', '!', 'http', ':', '//bit.ly/imxum']"
4,"['read', '``', 'bill', 'clinton', 'fail', '-', 'obama', 'win', '?', ""''"", 'http', ':', '//tinyurl.com/pcyxj7']"
4,"['obama', 'popular', 'u.', '.', 'among', 'arab', ':', 'survey', ':', 'presid', 'barack', 'obama', ""'s"", 'popular', 'lead', 'arab', 'countri', '..', 'http', ':', '//tinyurl.com/prlvqu']"
4,"['obama', ""'s"", 'got', 'joke', '!', '!', 'haha', 'got', 'watch', 'bit', 'dinner', 'speech', 'last', 'night', '...', ""'m"", 'love', 'mr.', 'presid', ';', ')']"
0,"['lebron', 'jame', 'got', 'car', 'accid', 'guess', '..', 'heard', 'even', 'news', '...', 'wow', 'cant', 'believ', '..', 'ok', '?', 'http', ':', '//twtad.com/69750']"
4,"['best', 'playoff', 'year', 'oh', 'yea', 'lebron', 'melo', 'final']"
4,"['@', 'khalid0456', ',', 'lebron', 'best']"
4,"['@', 'the_real_ush', 'lebron', 'cool', '.', 'like', 'person', '...', 'good', 'charact', '.']"
4,"['watch', 'lebron', 'highlight', '.', 'damn', 'nigga', 'good']"
4,"['@', 'lou911', 'lebron', 'murder', 'shit', '.']"
4,"['@', 'uscsports21', 'lebron', 'monsta', '24', '.', 'smh', 'world', 'ai', ""n't"", 'readi', '.']"
4,"['@', 'cthagod', 'lebron', 'done', 'nba', 'probabl', 'greater', 'kobe', '.', 'like', 'u', 'said', 'kobe', 'good', 'alot', ""'good"", ""'"", 'player', '.']"
4,"['kobe', 'good', 'bt', 'lebron', 'vote']"
0,"['kobe', 'best', 'world', 'lebron', '.']"
4,"['@', 'asherroth', 'world', 'cup', '2010', 'access', '?', '?', 'damn', ',', ""'s"", 'good', 'look', '!']"
4,"['bought', 'ticket', '2010', 'fifa', 'world', 'cup', 'south', 'africa', '.', 'go', 'great', 'summer', '.', 'http', ':', '//bit.ly/9gezi']"
2,"['share', ':', 'disrupt', '...', 'fred', 'wilson', ""'s"", 'slide', 'talk', 'googl', 'hq', 'http', ':', '//bit.ly/bo8pg']"
0,"['go', 'booz', 'allen', 'hamilton', '2hr', 'meet', ':', '(', 'get', 'go', 'home', ':', ')']"
4,"['great', 'indian', 'tamasha', 'truli', 'unfold', 'may', '16', ',', 'result', 'day', 'indian', 'gener', 'elect', '.']"
4,"['@', 'crlane', 'kindle2', '.', ""'ve"", 'seen', 'pictur', 'dx', ',', ""n't"", 'seen', 'person', '.', 'love', 'kindl', '-', ""'m"", 'everyday', '.']"
4,"['@', 'criticalpath', 'awesom', 'idea', '-', 'continu', 'learn', 'program', 'kindle2', 'http', ':', '//bit.ly/1zlff']"
2,"['ok', '..', 'noth', '..', 'think', '40d']"
4,"['@', 'faithbabywear', 'ooooh', ',', 'model', 'get', '?', '?', '?', '40d', 'love', 'love', 'love', 'love', '!']"
4,"['time', 'india', ':', 'wonder', 'india', ""'s"", 'elect', '.', 'http', ':', '//bit.ly/p7u1h']"
4,"['http', ':', '//is.gd/aruj', 'good', 'video', 'googl', 'use', 'search', 'option', '.']"
0,"['@', 'ambcharlesfield', 'lol', '.', 'ah', 'skin', 'itchi', ':', '(', 'damn', 'lawnmow', '.']"
0,"['itchi', 'back', '!', '!', 'dont', 'ya', 'hate', '!']"
4,"['stanford', 'chariti', 'fashion', 'show', 'top', 'draw', 'http', ':', '//cli.gs/nenuah']"
4,"['stanford', 'univers', '?', 'facebook', 'profil', 'one', 'popular', 'offici', 'univers', 'page', '-', 'http', ':', '//tinyurl.com/p5b3fl']"
4,"['lyx', 'cool', '.']"
4,"['sooo', 'dissapoint', 'sent', 'danni', 'gokey', 'home', '...', 'still', 'rock', '...', 'danni', '...', 'hometown', 'hero', '!', '!', 'yeah', 'milrocke', '!', '!']"
4,"['rt', '@', 'passionmodel', ""'american"", 'idol', ""'"", 'fashion', ':', 'adam', 'lambert', 'tone', ',', 'danni', 'gokey', 'cute', '...', 'http', ':', '//cli.gs/7jwshv']"
4,"['@', 'dannygokey', 'love', 'danni', 'gokey', '!', '!', ':', ')']"
2,"['rt', '@', 'justindavey', ':', 'rt', '@', 'tweetmem', 'gm', 'onstar', 'instantli', 'send', 'accid', 'locat', 'coordin', '911', '|', 'gp', 'obsess', 'http', ':', '//bit.ly/16szl1']"
0,"['tire', '.', ""n't"", 'sleep', 'well', 'last', 'night', '.']"
0,"['board', 'plane', 'san', 'francisco', '1', 'hour', ';', '6', 'hr', 'flight', '.', 'blech', '.']"
0,"['bonjour', 'san', 'francisco', '.', 'back', 'hurt', 'last', 'night', '..']"
2,"['breaker', '.', 'san', 'francisco', ',', 'ca', 'http', ':', '//loopt.us/4v88bw.t']"
2,"['head', 'san', 'francisco']"
4,"['best', 'girl', 'hour', 'san', 'francisco', '.', 'mmmmmfamili', 'wonder', '!']"
0,"['f', '*', '*', '*', 'big', ',', 'go', 'home', '-', 'aig']"
4,"['went', 'see', 'star', 'trek', 'movi', 'last', 'night', '.', 'satisfi', '.']"
4,"['ca', ""n't"", 'wait', ',', 'go', 'see', 'star', 'trek', 'tonight', '!', '!']"
4,"['star', 'trek', 'good', 'everyon', 'said', '!', '!']"
4,"['love', 'new', 'malcolm', 'gladwel', 'book', '-', 'outlier']"
4,"['highli', 'recommend', 'malcolm', 'gladwel', ""'s"", ""'the"", 'tip', 'point', '.', ""'"", 'next', 'audiobook', 'probabl', 'one', 'well', '.']"
0,"['malcolm', 'gladwel', 'geniu', 'trick', 'peopl', 'realiz', ""'s"", 'fuck', 'idiot']"
0,"['@', 'sportsguy33', 'hey', 'offens', 'malcolm', 'gladwel', 'preteni', ',', 'annoy', 'cunt', 'bring', '.', 'cant', 'read', 'shit']"
4,"['rt', '@', 'clashmor', ':', 'http', ':', '//bit.ly/soyv7', 'great', 'articl', 'malcolm', 'gladwel', '.']"
4,"['serious', 'underestim', 'malcolm', 'gladwel', '.', 'want', 'meet', 'dude', '.']"
0,"['hate', 'comcast', 'right', '.', 'everyth', 'cabl', 'internet', '&', 'amp', ';', 'phone', '....', 'ughh']"
0,"['comcast', 'suck', '.']"
0,"['day', 'never', 'deal', 'comcast', 'rank', 'one', 'best', 'day', 'life', '.']"
0,"['@', 'dommm', 'comcast', 'fail', '?', '?']"
2,"['use', 'twitter', 'api', '?', '...', 'http', ':', '//bit.ly/4vbhh']"
0,"['cur', 'twitter', 'api', 'limit']"
0,"['see', 'dave', 'winer', 'scream', 'lack', 'twitter', 'api', ',', 'limit', 'access', 'throttl', '!']"
2,"['test', 'twitter', 'api']"
0,"['arg', '.', 'twitter', 'api', 'make', 'crazi', '.']"
2,"['test', 'twitter', 'api', '.', 'remot', 'updat']"
4,"[""'m"", 'realli', 'love', 'new', 'search', 'site', 'wolfram/alpha', '.', 'make', 'googl', 'seem', '...', 'quaint', '.', 'http', ':', '//www72.wolframalpha.com/']"
0,"['#', 'wolfram', 'alpha', 'suck', '!', 'even', 'research', 'inform', 'provid', 'less', 'get', '#', 'googl', '#', 'wikipedia', ',', 'total', 'useless', '!']"
4,"['nike', 'factori', '!', '!', '!']"
4,"['new', 'nike', 'muppet', 'commerci', 'pretti', 'cute', '.', 'live', 'togeth', '?']"
2,"['new', 'blog', 'post', ':', 'nike', 'zoom', 'lebron', 'soldier', '3', '(', 'iii', ')', '-', 'white', '/', 'black', '-', 'teal', 'http', ':', '//bit.ly/rouu']"
2,"['new', 'blog', 'post', ':', 'nike', 'trainer', '1', 'http', ':', '//bit.ly/394bp']"
0,"['@', 'fraggle312', 'oh', 'awesom', '!', 'wish', ""n't"", 'own', 'nike', ':', '(']"
4,"['@', 'tonyhawk', 'http', ':', '//twitpic.com/5c7uj', '-', 'awesom', '!', '!', '!', 'see', 'show', 'friday', 'shorelin', 'amphitheatr', '.', 'never', 'seen', 'nin', '.', 'ca', ""n't"", 'wait', '.', '...']"
0,"['arhh', ',', ""'s"", 'weka', 'bug', '.', '=', '=', ""''"", 'spent', 'almost', 'two', 'hour', 'find', '.', 'crappi']"
4,"['@', 'mitz', 'hey', 'bud', ':', ')', 'np', 'love', '50d', ',', 'although', ""'d"", 'love', '5d', 'mkii']"
4,"['@', 'jonduena', '@', 'robynlyn', 'got', 'u', '50d', 'offic', '.', ':']"
4,"['pick', 'new', 'canon', '50d', '...', ""'s"", 'beauti', '!', '!', 'prepar', 'serious', 'awesom', 'photographi', '!']"
4,"['got', 'new', 'toy', '.', 'canon', '50d', '.', 'love', 'love', 'love', '!']"
4,"['learn', 'lambda', 'calculu', ':', ')']"
2,"['#', 'job', '#', 'sitterc', 'help', 'take', 'care', 'sick', 'child', '(', 'east', 'palo', 'alto', ',', 'ca', ')', 'http', ':', '//tinyurl.com/qwrr2m']"
4,"[""'m"", 'move', 'east', 'palo', 'alto', '!']"
4,"['@', 'atebit', 'finish', 'watch', 'stanford', 'iphon', 'class', 'session', '.', 'realli', 'appreci', '.', 'rock', '!']"
4,"['@', 'jktweet', 'hi', '!', 'saw', 'stanford', 'talk', 'realli', 'like', 'advic', '.', 'say', 'hi', 'singapor', '(', 'ye', 'video', 'get', 'around', ')']"
2,"['#', 'mba', 'admiss', 'tip', 'stanford', 'gsb', 'deadlin', 'essay', 'topic', '2009-2010', 'http', ':', '//tinyurl.com/pet4fd']"
2,"['ethic', 'nonprofit', '-', 'http', ':', '//bit.ly/qsxrp', '#', 'stanford', '#', 'socialentrepreneurship']"
4,"['laker', 'tonight', 'let', ""'s"", 'go', '!', '!', '!', '!']"
4,"['laker', 'kick', 'nugget', 'as', 'tonight', '?']"
0,"['oooooooh', '...', 'north', 'korea', 'troubleeee', '!', 'http', ':', '//bit.ly/19epah']"
0,"['wat', 'heck', 'north', 'korea', '!', '!', '?', '?', '!', '!', 'conduct', 'power', 'nuclear', 'test', '!', 'follow', 'link', ':', 'http', ':', '//www.msnbc.msn.com/id/30921379']"
0,"['listen', 'obama', '...', 'friggin', 'north', 'korea', '...']"
0,"['realiz', 'three', 'monkey', 'white', 'obama.biden', ',', 'pelosi', '.', 'sarah', 'palin', '2012']"
0,"['@', 'foxnew', 'pelosi', 'stay', 'china', 'never', 'come', 'back', '.']"
0,"['nanci', 'pelosi', 'gave', 'worst', 'commenc', 'speech', ""'ve"", 'ever', 'heard', '.', 'ye', ""'m"", 'still', 'bitter']"
0,"['ugh', '.', 'amount', 'time', 'stupid', 'insect', 'bitten', '.', 'grr', '..']"
4,"['prettiest', 'insect', 'ever', '-', 'pink', 'katydid', ':', 'http', ':', '//bit.ly/2upw2p']"
0,"['got', 'barrag', 'hord', 'insect', 'hungri', 'kitchen', 'light', '.', 'scari', '.']"
4,"['mcdonald', 'dinner', '.', ':', 'goooood', '.', 'big', 'mac', 'meal', '.', ';', ')']"
4,"['ahh', 'ye', 'lol', 'ima', 'tell', 'hubbi', 'go', 'get', 'sum', 'mcdonald', '=', ']']"
4,"['stop', 'lunch', 'mcdonald', '.', 'chicken', 'nuggetssss', '!', ':', ')', 'yummmmmi', '.']"
4,"['could', 'go', 'lot', 'mcdonald', '.', 'mean', 'lot', '.']"
4,"['exam', 'went', 'good', '.', '@', 'helloleoni', ':', 'prayer', 'work', '(', ':']"
4,"['one', 'exam', 'left', ',', 'happi', ':']"
0,"['math', 'review', '.', 'im', 'go', 'fail', 'exam', '.']"
0,"['colin', 'powel', 'rock', 'yesterday', 'cb', '.', 'cheney', 'need', 'shut', 'hell', 'go', 'home.powel', 'man', 'honor', 'serv', 'countri', 'proudli']"
0,"['obvious', 'side', 'cheney', ':', 'http', ':', '//bit.ly/19j2d']"
4,"['absolut', 'hilari', '!', '!', '!', '@', 'mashabl', ':', 'http', ':', '//bit.ly/bccwt']"
4,"['@', 'mashabl', 'never', 'thank', 'includ', 'top', '100', 'twitter', 'author', '!', 'rock', '!', '(', '&', 'amp', ';', 'new', 'wave', ':', '-d', ')', 'http', ':', '//bit.ly/eorfv']"
2,"['learn', 'jqueri', '1.3', 'book', 'review', '-', 'http', ':', '//cfbloggers.org/', '?', 'c=30629']"
4,"['rt', '@', 'shrop', ':', 'awesom', 'jqueri', 'refer', 'book', 'coda', '!', 'http', ':', '//www.macpeeps.com/coda/', '#', 'webdesign']"
4,"[""'ve"", 'send', 'e-mail', 'like', 'crazi', 'today', 'contact', '...', 'anyon', 'contact', 'goodbi', 'silverstein', '...', ""'d"", 'love', 'speak']"
2,"['adob', 'cs4', 'commerci', 'goodbi', 'silverstein', ':', 'http', ':', '//bit.ly/1aikhf']"
4,"['goodbi', ',', 'silverstein', ""'s"", 'new', 'site', '...', 'http', ':', '//www.goodbysilverstein.com/', 'enjoy', '.']"
4,"['wow', 'everyon', 'googl', 'i/o', 'confer', 'got', 'free', 'g2', ""'s"", 'month', 'unlimit', 'servic']"
4,"['@', 'vkerkez', 'dood', 'got', 'free', 'googl', 'android', 'phone', 'i/o', 'confer', '.', 'g2', '!']"
4,"['@', 'orli', 'g2', 'amaz', 'btw', ',', 'huge', 'improv', 'g1']"
4,"['html', '5', 'demo', '!', 'lot', 'great', 'stuff', 'come', '!', 'ye', ',', ""'m"", 'excit', '.', ':', ')', 'http', ':', '//htmlfive.appspot.com', '#', 'io2009', '#', 'googleio']"
4,"['@', 'googleio', 'http', ':', '//twitpic.com/62shi', '-', 'yay', '!', 'happi', 'place', '!', 'place', 'place', '!', 'love', 'googl', '!']"
4,"['#', 'googleio', '|', 'o3d', '-', 'bring', '3d', 'graphic', 'browser', '.', 'nice', 'tbh', '.', 'funfun', '.']"
4,"['awesom', 'viral', 'market', '``', 'funni', 'peopl', ""''"", 'http', ':', '//www.nbc.com/yo-teach/']"
2,"['watch', 'programm', 'life', 'hitler', ',', 'enhanc', 'geeki', 'histori', '.']"
0,"['saw', 'night', 'museum', 'sheer', 'desper', '.', 'fund', 'movi', '?']"
4,"['night', 'museum', '2', '?', 'pretti', 'furkin', 'good', '.']"
4,"['watch', 'night', 'museum', '-', 'giggl', '.']"
2,"['@', 'pambeeslyjenna', 'jenna', ',', 'went', 'see', 'night', 'museum', '2', 'today', 'surpris', 'see', 'three', 'cast', 'member', 'offic', '...']"
2,"['watch', 'night', 'museum', 'ryan', 'staci']"
2,"['get', 'readi', 'go', 'watch', 'night', 'museum', '2', '.', 'dum', 'dum', ',', 'give', 'gum', 'gum', '!']"
0,"['back', 'see', ""'star"", 'trek', ""'"", ""'night"", 'museum', '.', ""'"", ""'star"", 'trek', ""'"", 'amaz', ',', ""'night"", 'museum', ""'"", ';', 'eh', '.']"
4,"['watch', 'night', 'museum', '2', '!', 'stinkin', 'cute', '!']"
4,"[',', 'night', 'museum', '2', 'awesom', '!', 'much', 'better', 'part', '1', '.', 'next', 'weekend', ""'ll"", 'see', '.']"
2,"['think', 'may', 'new', 'favorit', 'restaur', '.', 'way', 'see', '``', 'night', 'museum', '2', ""''"", '.']"
2,"['!', 'sold', ',', ""'m"", 'see', 'night', 'museum', '2', '.', ""'m"", '__', 'year', 'old', '.']"
4,"['saw', 'new', 'night', 'museum', 'love', '.', 'next', 'go', 'see', '3d']"
0,"['shame', 'gm', '.', 'forc', 'make', 'car', 'white', 'hous', 'think', 'sell', '?', 'think', '?']"
0,"['u', 'may', 'notic', ',', 'happi', 'gm', 'situat', ',', 'aig', ',', 'lehman', ',', 'et', 'al']"
2,"['obama', ':', 'nation', 'gm', 'short-term', '(', 'ap', ')', 'http', ':', '//tinyurl.com/md347r']"
0,"['@', 'pittstock', '$', 'gm', 'good', 'riddanc', '.', 'sad', 'though', '.']"
0,"['never', 'buy', 'govern', 'motor', 'vehicl', ':', 'recent', ',', 'drove', 'gm', 'car', '.', 'sinc', '1988', ',', 'bought', '..', 'http', ':', '//tinyurl.com/lulsw8']"
0,"['old', 'coca-cola', 'guy', 'gm', 'board', 'stupid', 'heck', '!', '#', 'tcot', '#', 'ala']"
0,"['#', 'rantsandrav', 'worst', 'thing', 'gm', '(', 'concord', '/', 'pleasant', 'hill', '/', 'martinez', ')', ':', 'fuck', 'uaw', '.', '..', 'http', ':', '//buzzup.com/4ueb']"
0,"['give', 'man', 'fish', ',', 'u', 'feed', 'day', '.', 'teach', 'fish', ',', 'u', 'feed', 'life', '.', 'buy', 'gm', ',', 'u', 'f', '*', '*', 'k', 'good', '.']"
0,"['hear', 'gm', 'thing', 'angri', 'get', '.', 'billion', 'wast', ',', 'bullshit', '.', 'someth', 'like', '40k', 'employe', '..']"
0,"['@', 'quanttrad', 'gm', 'car', 'junk', 'far', 'qualiti', 'compar', 'honda']"
0,"['sad', 'day', '...', 'bankrupt', 'gm']"
0,"['upset', 'whole', 'gm', 'thing', '.', 'life', 'know', 'screw']"
0,"['whoever', 'run', 'time', 'warner', 'need', 'repeatedli', 'rape', 'rhino', 'understand', 'consequ', 'put', 'shitti', 'cabl', 'svc']"
2,"['time', 'warner', 'ceo', 'hint', 'onlin', 'fee', 'magazin', '(', 'ap', ')', '-', 'read', 'mountain', 'view', ',', 'unit', 'state', '.', 'view', '16209', 'http', ':', '//bit.ly/udfch']"
0,"['#', 'wftb', 'join', 'bit', 'late', '.', 'connect', '(', 'boo', 'time', 'warner', ')']"
0,"['cox', 'time', 'warner', '?', 'cox', 'cheaper', 'get', 'b', 'dslreport', '.', 'tw', 'expens', 'get', 'c', '.']"
0,"['furiou', 'time', 'warner', 'phone', 'promot', '!']"
0,"['got', 'home', 'chick-fil-a', 'boy', '.', 'damn', 'internet', '=', '(', 'stupid', 'time', 'warner']"
0,"['could', 'time-warn', 'cabl', 'suck', '?', '.']"
0,"['piss', 'time', 'warner', 'causin', 'slow', 'internet', 'problem']"
0,"['@', 'sportsguy33', 'ummm', ',', 'time', 'warner', 'problem', '?']"
0,"['guy', 'see', '?', 'time', 'warner', 'suck', 'much', 'as', '?', 'realli', 'wish', 'could', 'get', 'u-vers', 'apart', '.', 'http', ':', '//bit.ly/s594j']"
0,"['rt', '@', 'sportsguy33', 'upsid', 'time', 'warner', ':', 'unhelp', 'phone', 'oper', 'superslow', 'on-sit', 'servic', '.', 'crap', ',', ""'s"", 'upsid', '.']"
0,"['rt', '@', 'sportsguy33', ':', 'new', 'time', 'warner', 'slogan', ':', '``', 'time', 'warner', ',', 'make', 'long', 'day', 'cabl', '.', ""''""]"
0,"['confirm', ':', ""'s"", 'time', 'warner', ""'s"", 'fault', ',', 'facebook', ""'s"", ',', 'fb', 'take', '3', 'minut', 'load', '.', 'tempt', 'switch', 'verizon', '=/']"
0,"['@', 'sportsguy33', 'time', 'warner', '=', 'epic', 'fail']"
2,"['lawson', 'head', 'newedg', 'hong', 'kong', 'http', ':', '//bit.ly/xlqsd', '#', 'busi', '#', 'china']"
2,"['weird', 'piano', 'guitar', 'hous', 'china', '!', 'http', ':', '//u2s.me/72i8']"
2,"['send', 'u', 'gm/chevi', 'photo', 'http', ':', '//tinyurl.com/luzkpq']"
0,"['know', '.', 'sad', '?', 'rt', '@', 'caseymerci', ':', '1st', 'day', 'hurrican', 'season', '.', ""'s"", 'less', 'scarey', 'govt', 'take', 'gm', '.']"
0,"['gm', 'file', 'bankruptci', ',', 'good', 'sign', '...']"
4,"['yanke', 'met', 'lost', '.', 'good', 'day', '.']"
4,"['dentist', 'appt', 'today', 'actual', 'quit', 'enjoy', '.']"
0,"['hate', 'ef', 'dentist', '.']"
2,"['@', 'stevemoakl', 'dentist', 'appt', 'morn', 'convers', '!']"
0,"['@', 'kirstiealley', 'hate', 'go', 'dentist', '..', '!', '!', '!']"
0,"['hate', 'dentist', '....', 'invent', 'anyway', '?']"
0,"['dentist', ""'s"", 'offic', 'cold', ':', '/']"
2,"['check', 'video', '--', 'david', 'dentist', 'http', ':', '//bit.ly/47aw2']"
2,"['first', 'dentist', 'appoint', '[', 'year', ']', 'wednesday', 'possibl', '.']"
2,"['tom', 'shanahan', ""'s"", 'latest', 'column', 'sdsu', 'ncaa', 'basebal', 'region', 'appear', ':', 'http', ':', '//ow.ly/axhu']"
2,"['baseballamerica.com', ':', 'blog', ':', 'basebal', 'america', 'prospect', 'blog', '?', 'blog', '...', 'http', ':', '//bit.ly/ett8a']"
2,"['portland', 'citi', 'polit', 'may', 'undo', 'basebal', 'park', 'http', ':', '//tinyurl.com/lpjquj']"
2,"['rt', '@', 'watersisweb', ':', 'ca', 'merc', ""'s"", 'water', 'bottl', 'safeway', ',', 'resold', 'profit', ':', 'well', 'dri', 'across', 'counti', 'http', ':', '//tinyurl.com/mb573']"
2,"['drop', 'broccoli', 'walk', 'home', 'safeway', '!', ';', '(', 'depress']"
2,"['@', 'ronjon', ""n't"", 'safeway', '.']"
4,"['appli', 'safeway', '!', '(', ':', 'yeeeee', '!']"
0,"['@', 'safeway', '.', 'place', 'nightmar', 'right', '.', 'bum', '.']"
2,"['safeway', 'dad']"
0,"['hate', 'safeway', 'select', 'green', 'tea', 'icecream', '!', 'bought', 'two', 'carton', ',', 'wast', 'money', '.', '&', 'gt', ';', '_', '&', 'lt', ';']"
2,"['safeway', 'marvin', ',', 'janel', ',', 'aunti', 'lhu']"
2,"['safeway', 'offer', 'mobil', 'coupon', 'http', ':', '//bit.ly/onh7w']"
2,"['philli', 'drive', 'cadillac', 'top', 'cali', ',', 'win', '5-3', '-', 'http', ':', '//tinyurl.com/nzcjqa']"
2,"['save', 'money', 'opt', 'groceri', 'store', 'trip', 'stock', 'food', 'hotel', 'room', 'fridg', 'vs.', 'eat', 'everi', 'night', 'town', '.']"
2,"['loung', 'around', ',', 'eat', 'taco', 'bell', 'watch', 'nci', 'work', 'tonight', '.', 'need', 'help', 'stay', 'awak', '.']"
2,"['eat', 'breakfast', 'school']"
2,"['still', 'hungri', 'eat', '....']"
2,"['10', 'tip', 'healthi', 'eat', '?', 'resultsbi', 'fit', 'blog', ':', ':', 'fit', '...', 'http', ':', '//bit.ly/62gfn']"
2,"['boyfriend', ',', 'eat', 'quesadilla']"
2,"['eat', 'dinner', '.', 'meat', ',', 'chip', ',', 'risotto', '.']"
2,"['got', 'new', 'pair', 'nike', 'shoe', '.', 'pic', 'later']"
2,"['nike', 'sb', 'blazer', 'high', '``', 'acg', ""''"", 'custom', '-', 'brad', 'dougla', '-', 'http', ':', '//timesurl.at/45a448']"
4,"['nike', 'rock', '.', ""'m"", 'super', 'grate', ""'ve"", 'done', ':', ')', '&', 'amp', ';', 'european', 'divis', 'nike', 'beyond', '!', '@', 'whitstyl', '@', 'muchasmuert']"
2,"['nike', 'air', 'yeezi', 'khaki/pink', 'colorway', 'releas', '-', 'http', ':', '//shar.es/bjfn']"
4,"['@', 'evelynbyrn', 'tri', 'nike', '?', 'v.', 'addict', '.']"
2,"['@', 'erickoston', 'look', 'aw', 'lot', 'like', 'one', 'nike', ""'s"", 'privat', 'jet', '....', ""'m"", 'sayin', '....']"
4,"['nike', 'train', 'club', '(', 'beta', ')', 'iphon', 'app', 'look', 'interest', '.']"
0,"['argghhhh', 'wo', ""n't"", 'jqueri', 'appear', 'safari', 'bad', 'safari', '!', '!', '!']"
2,"['devsnippet', ':', 'jqueri', 'tool', '-', 'javascript', 'ui', 'compon', 'web', '...', 'http', ':', '//inblogs.org/go/hfuqt']"
2,"['ajax', ',', 'jqueri', ',', 'cs', ',', 'javascript', '...', '(', 'mani', 'exampl', ')', 'http', ':', '//ajaxian.com/']"
4,"[""'m"", 'readi', 'drop', 'pretens', ',', 'forev', 'love', 'jqueri', ',', 'want', 'marri', '.', 'sorri', 'ladi', ',', 'nerd', 'jquery.spokenfor.j']"
2,"['cold', '..', 'look', 'googl', ""'s"", 'chart//visu', 'api', 'found', 'jqueri', '``', 'wrapper', ""''"", 'api', '...', 'http', ':', '//tinyurl.com/mq52bq']"
2,"['spent', 'day', 'read', 'jqueri', 'book', '.', 'start', 'drink', 'delirium', 'tremen', '.']"
2,"['jqueri', 'selector', 'http', ':', '//codylindley.com/jqueryselectors/']"
2,"['implement', 'news', 'ticker', 'jqueri', 'ten', 'line', 'code', 'http', ':', '//bit.ly/cznfj']"
2,"[""'s"", 'buffet', '?', 'warren', 'buffett', 'kick', 'butt', 'battl', 'boot', ':', 'post', ':', 'alex', 'cripp', '..', 'http', ':', '//bit.ly/auizo']"
4,"['super', 'investor', ':', 'great', 'weekend', 'read', 'warren', 'buffet', '.', 'oldi', ',', 'goodi', '.', 'http', ':', '//tinyurl.com/oqxgga']"
2,"[""'m"", 'truli', 'braindead', '.', 'could', ""n't"", 'come', 'warren', 'buffet', ""'s"", 'name', 'save', 'soul']"
4,"['read', 'michael', 'palin', 'book', ',', 'python', 'year', '...', 'great', 'book', '.', 'also', 'recommend', 'warren', 'buffet', '&', 'amp', ';', 'nelson', 'mandela', ""'s"", 'bio']"
4,"['mean', ',', ""'m"", 'notr', 'dame', '.', ""'s"", 'good', 'school', ',', ""'d"", 'closer', 'dan', ',', ""'d"", 'enjoy', '.']"
0,"['ca', ""n't"", 'watch', 'tv', 'without', 'tivo', '.', 'year', ',', 'time/warn', 'dvr', 'still', 'suck', '.', 'http', ':', '//www.davehitt.com/march03/twdvr.html']"
4,"[""'d"", 'say', 'sport', 'writer', 'idiot', 'say', 'roger', 'feder', 'one', 'best', 'ever', 'tenni', '.', 'roger', 'feder', 'best', 'ever', 'tenni']"
0,"['still', 'love', 'kindle2', 'read', 'new', 'york', 'time', 'feel', 'natur', '.', 'miss', 'bloomingdal', 'ad', '.']"
4,"['love', 'kindle2', '.', 'stack', 'book', 'trip', 'way', 'loo', '.']"
0,"['although', 'today', ""'s"", 'keynot', 'rock', ',', 'everi', 'great', 'announc', ',', '&', 'amp', ';', 'shit', 'u', 'littl', 'bit', '.']"
0,"['@', 'sheridanmarfil', '-', 'much', 'obsess', 'cell', 'phone', ',', 'iphon', '!', ""'m"", 'slave', '&', 'amp', ';', 'forev', '.', ':', ')']"
2,"['@', 'freitasm', 'oh', 'see', '.', 'thought', '&', 'amp', ';', '900mhz', 'wcdma', '?']"
2,"['@', 'plip', 'read', 'tether', 'support', 'phil', '?', '&', 'amp', ';', 'o2', 'join', '?']"
0,"['fuzzbal', 'fun', '&', 'amp', ';', ';', 'p', 'http', ':', '//fuzz-ball.com/twitt']"
0,"['today', 'good', 'day', 'dislik', '&', 'amp', ';', 't.', 'vote', 'offic', 'inde', ',', '@', 'danielpunkass']"
4,"['got', 'wave', 'sandbox', 'invit', '!', 'extra', 'excit', '!', 'bad', 'class', '...', ""'ll"", 'play', 'soon', 'enough', '!', '#', 'io2009', '#', 'wave']"
0,"['look', 'like', 'summiz', 'gone', '.', 'mani', 'tweet', 'wwdc', 'perhap', '?']"
2,"['hope', 'girl', 'work', 'buy', 'kindle2']"
2,"['miss', 'insight-fil', 'may', 'column', ':', 'one', 'smart', 'guy', 'look', 'close', ""'s"", 'impress', 'kindle2', 'http', ':', '//bit.ly/i0pey', '@', 'wroush']"
4,"['@', 'sklososki', 'thank', 'much', '!', '!', '!', '...', 'one', '*', '*', 'happi', 'kindle2', 'winner', ';', ')', 'surpris', ',', 'fabul', '.', 'thank', '!', 'best', ',', 'kathleen']"
0,"['man', 'kinda', 'dislik', 'appl', 'right', '.', 'case', 'point', ':', 'iphon', '3g', '.', 'wish', 'video', 'record', 'app', '.', 'plea', '?', '?', 'http', ':', '//bit.ly/dzm1t']"
4,"['@', 'cwong08', 'kindle2', '(', '&', 'amp', ';', 'soni', 'prs-500', ')', '.', 'like', '!', 'physic', 'devic', 'feel', 'good', '.', 'font', 'nice', '.', 'pg', 'turn', 'snappi', 'enuf', '.', 'ui', 'littl', 'klunki', '.']"
4,"['#', 'kindle2', 'seem', 'best', 'eread', ',', 'work', 'uk', 'get', 'one', '?']"
4,"['googl', 'addict', '.', 'thank', 'point', ',', '@', 'annamartin123', '.', 'hahaha', '.']"
2,"['@', 'ruby_gem', 'primari', 'debit', 'card', 'visa', 'electron', '.']"
2,"['bank', 'get', 'new', 'visa', 'platinum', 'card']"
0,"['dearest', '@', 'googl', ',', 'rich', 'bastard', '!', 'visa', 'card', 'sent', ""n't"", 'work', '.', 'screw', 'littl', 'guy', 'like', '?']"
2,"['date', 'bobbi', 'flay', 'gut', 'fieri', 'food', 'network']"
4,"['excit', 'see', 'bobbi', 'flay', 'guy', 'fieri', 'tomorrow', 'great', 'american', 'food', '&', 'amp', ';', 'music', 'fest', '!']"
4,"['gon', 'na', 'go', 'see', 'bobbi', 'flay', '2moro', 'shorelin', '.', 'eat', 'drink', '.', 'gon', 'na', 'good', '.']"
4,"['ca', ""n't"", 'wait', 'great', 'american', 'food', 'music', 'festiv', 'shorelin', 'tomorrow', '.', 'mmm', '...', 'katz', 'pastrami', 'bobbi', 'flay', '.', 'ye', 'plea', '.']"
4,"['dad', 'ny', 'day', ',', 'ate', 'mesa', 'grill', 'last', 'night', 'met', 'bobbi', 'flay', '.', 'much', 'fun', ',', 'except', 'complet', 'lost', 'voic', 'today', '.']"
0,"['fight', 'latex', '.', '...']"
0,"['@', 'iheartseveru', 'love', ""n't"", 'want', 'die', '!', '!', '!', '!', '!', '!', 'latex', '=', 'devil']"
0,"['7', 'hour', '.', '7', 'hour', 'inkscap', 'crash', ',', 'normal', 'solid', 'rock', '.', '7', 'hour', 'latex', 'complain', 'slightest', 'thing', '.', 'ca', ""n't"", 'take', '.']"
2,"['track', 'iran', 'social', 'medium', ':', 'http', ':', '//bit.ly/2boqu']"
0,"['shit', ""'s"", 'hit', 'fan', 'iran', '...', 'crazi', 'inde', '#', 'iranelect']"
0,"['monday', 'alreadi', '.', 'iran', 'may', 'implod', '.', 'kitchen', 'disast', '.', '@', 'annagoss', 'seem', 'happi', '.', '@', 'sebul', 'nice', 'weekend', '@', 'goldpanda', 'great', '.', 'whoop', '.']"
2,"['twitter', 'stock', 'buzz', ':', '$', 'aapl', '$', 'es_f', '$', 'spi', '$', 'spx', '$', 'palm', '(', 'updat', ':', '12:00', 'pm', ')']"
4,"['get', 'readi', 'test', 'burger', 'receip', 'weekend', '.', 'bobbi', 'flay', 'great', 'receip', 'tri', '.', 'thank', 'bobbi', '.']"
2,"['@', 'johncmay', 'bobbi', 'flay', 'join', '?']"
4,"['lam', 'love', 'bobbi', 'flay', '...', 'favorit', '.', 'rt', '@', 'terrysimpson', ':', '@', 'bflay', 'need', 'place', 'phoenix', '.', 'great', 'pepper', '!']"
0,"['creat', 'first', 'latex', 'file', 'scratch', '.', ""n't"", 'work', 'well', '.', '(', 'see', '@', 'amandabittn', ',', ""'s"", 'great', 'time', 'waster', ')']"
4,"['use', 'linux', 'love', '-', 'much', 'nicer', 'window', '...', 'look', 'forward', 'use', 'wysiwyg', 'latex', 'editor', '!']"
4,"['use', 'latex', 'lot', ',', 'typeset', 'mathemat', 'look', 'hideou', '.']"
2,"['ask', 'program', ':', 'latex', 'indesign', '?', ':', 'submit', 'calcio1', '[', 'link', ']', '[', '1', 'comment', ']', 'http', ':', '//tinyurl.com/myfmf7']"
0,"['note', ',', 'hate', 'word', '.', 'hate', 'page', '.', 'hate', 'latex', '.', ',', 'said', '.', 'hate', 'latex', '.', 'texn3rd', 'come', 'kill', '.']"
4,"['ahhh', '...', 'back', '*', 'real', '*', 'text', 'edit', 'environ', '.', '&', 'lt', ';', '3', 'latex', '.']"
0,"['troubl', 'iran', ',', 'see', '.', 'hmm', '.', 'iran', '.', 'iran', 'far', 'away', '.', '#', 'flockofseagullsweregeopoliticallycorrect']"
0,"['read', 'tweet', 'come', 'iran', '...', 'whole', 'thing', 'terrifi', 'incred', 'sad', '...']"
